用户id,昵称,性别,生日,所在地,微博数,粉丝数,关注数,简介,主页,头像,高清头像,微博等级,会员等级,是否认证,认证类型,认证信息
1846456085,腾讯公司,m,,北京,1229,825597,198,腾讯公司官方微博,https://m.weibo.cn/u/1846456085?uid=1846456085&luicode=10000011&lfid=1005051846456085,"https://tvax1.sinaimg.cn/crop.0.0.640.640.180/6e0eaf15ly8gdis0rqdpbj20hs0hs0tx.jpg?KID=imgbed,tva&Expires=1610532024&ssig=dBPtOoKkiq",https://wx1.sinaimg.cn/orj480/6e0eaf15ly8gdis0rqdpbj20hs0hs0tx.jpg,31,6,TRUE,2,腾讯公司官方微博
2591595652,腾讯视频,m,,广东,98542,14529401,3202,腾讯视频（v.qq.com）定位于中国领先的综合视频门户，内容以电影、电视剧、综艺为主，同时发力诸多维度频道运营，最大限度贴合用户在线视频观看需要。,https://m.weibo.cn/u/2591595652?uid=2591595652&luicode=10000011&lfid=1005052591595652,"https://tvax4.sinaimg.cn/crop.0.0.996.996.180/9a789c84ly8gdiofqyuh7j20ro0roaaf.jpg?KID=imgbed,tva&Expires=1610532029&ssig=qLR28g8fHH",https://wx4.sinaimg.cn/orj480/9a789c84ly8gdiofqyuh7j20ro0roaaf.jpg,48,7,TRUE,3,腾讯视频官方微博
1930378853,腾讯微信团队,m,,广东 广州,1214,576422,45,"微信四个官方网站的地址如下：
微信官网 weixin.qq.com
微信网页版 wx.qq.com
微信公众平台 mp.weixin.qq.com
微信开放平台 open.weixin.qq.com",https://m.weibo.cn/u/1930378853?uid=1930378853&luicode=10000011&lfid=1005051930378853,"https://tvax1.sinaimg.cn/crop.77.83.436.436.180/730f3e65ly8gdj2amjzt0j20gf0gfmxg.jpg?KID=imgbed,tva&Expires=1610564944&ssig=tijRgWmxYe",https://wx1.sinaimg.cn/orj480/730f3e65ly8gdj2amjzt0j20gf0gfmxg.jpg,16,6,TRUE,2,腾讯微信官方微博
3758512144,腾讯综艺,m,,北京,40977,4191025,1717,腾讯视频综艺频道官方微博！,https://m.weibo.cn/u/3758512144?uid=3758512144&luicode=10000011&lfid=1005053758512144,"https://tvax1.sinaimg.cn/crop.28.78.642.642.180/e0065810ly8gg5hake5j6j20kj0k1ta3.jpg?KID=imgbed,tva&Expires=1610564965&ssig=v6zOapiwcG",https://wx1.sinaimg.cn/orj480/e0065810ly8gg5hake5j6j20kj0k1ta3.jpg,48,6,TRUE,3,腾讯视频综艺频道官方微博
6479255096,腾讯微视,f,,广东,14797,1842358,1388,,https://m.weibo.cn/u/6479255096?uid=6479255096&luicode=10000011&lfid=1005056479255096,"https://tvax3.sinaimg.cn/crop.0.0.582.582.180/0074uiesly8giev6yau9hj30g60g6gm9.jpg?KID=imgbed,tva&Expires=1610565540&ssig=1QenTGdWPh",https://wx3.sinaimg.cn/orj480/0074uiesly8giev6yau9hj30g60g6gm9.jpg,29,6,TRUE,2,腾讯微视APP官方微博
3752699924,腾讯电视剧,f,,北京,25721,1659629,600,你想看的电视剧资讯都在这里哦！,https://m.weibo.cn/u/3752699924?uid=3752699924&luicode=10000011&lfid=1005053752699924,"https://tvax4.sinaimg.cn/crop.0.0.1080.1080.180/dfada814ly8gh4c4byzd3j20u00u0mz1.jpg?KID=imgbed,tva&Expires=1610566387&ssig=SEGbJgcF09",https://wx4.sinaimg.cn/orj480/dfada814ly8gh4c4byzd3j20u00u0mz1.jpg,48,7,TRUE,3,腾讯视频电视剧频道官方微博
1763084680,腾讯新闻出品,m,,北京,8098,600345,317,今天也想跟大家一起玩！,https://m.weibo.cn/u/1763084680?uid=1763084680&luicode=10000011&lfid=1005051763084680,"https://tvax4.sinaimg.cn/crop.0.0.512.512.180/69168988ly8gdihjfoyk2j20e80e8wep.jpg?KID=imgbed,tva&Expires=1610566849&ssig=cZWkkYCPoe",https://wx4.sinaimg.cn/orj480/69168988ly8gdihjfoyk2j20e80e8wep.jpg,38,6,TRUE,2,腾讯新闻出品
5203786516,腾讯动漫,m,,北京,15783,1221702,877,这里是企鹅娘，专注ACG各种资讯，还可以来这些地方找我玩哦~【APP下载】http://m.ac.qq.com/event/downloadForPc/index.html【漫画站】ac.qq.com 【资讯站】comic.qq.com,https://m.weibo.cn/u/5203786516?uid=5203786516&luicode=10000011&lfid=1005055203786516,"https://tvax1.sinaimg.cn/crop.0.0.751.751.180/005GayAAly8gdiawmm3pej30kv0kvq3x.jpg?KID=imgbed,tva&Expires=1610566860&ssig=uE7I7Wjnj3",https://wx1.sinaimg.cn/orj480/005GayAAly8gdiawmm3pej30kv0kvq3x.jpg,46,6,TRUE,2,腾讯科技(北京)有限公司
2806170583,腾讯新闻,m,,北京,19531,662430,406,一个喜欢到处聊天的官号。,https://m.weibo.cn/u/2806170583?uid=2806170583&luicode=10000011&lfid=1005052806170583,"https://tvax1.sinaimg.cn/crop.0.0.159.159.180/a742c3d7ly8gdiz0knv6oj204g04gdg8.jpg?KID=imgbed,tva&Expires=1610566891&ssig=TaJIP6gP5g",https://wx1.sinaimg.cn/orj480/a742c3d7ly8gdiz0knv6oj204g04gdg8.jpg,39,0,TRUE,2,腾讯新闻官方账号
6426064539,腾讯视频娱乐,f,,北京,14538,724004,785,腾讯视频娱乐频道官方微博,https://m.weibo.cn/u/6426064539?uid=6426064539&luicode=10000011&lfid=1005056426064539,"https://tvax4.sinaimg.cn/crop.0.0.1080.1080.180/0070T6Wfly8gg7sr7ivs1j30u00u0wh8.jpg?KID=imgbed,tva&Expires=1610567500&ssig=pgVBZc5Z2J",https://wx4.sinaimg.cn/orj480/0070T6Wfly8gg7sr7ivs1j30u00u0wh8.jpg,28,6,TRUE,3,腾讯视频娱乐官方微博
3182423937,腾讯娱乐,f,,北京,10206,531222,1480,,https://m.weibo.cn/u/3182423937?uid=3182423937&luicode=10000011&lfid=1005053182423937,"https://tvax2.sinaimg.cn/crop.0.0.416.416.180/bdafef81ly8fyjvailxxaj20bk0bl0w3.jpg?KID=imgbed,tva&Expires=1610567694&ssig=vPsp%2B8bbjq",https://wx2.sinaimg.cn/orj480/bdafef81ly8fyjvailxxaj20bk0bl0w3.jpg,43,6,TRUE,3,腾讯娱乐官方微博
3604205173,腾讯游戏,f,,广东,5728,1722119,525,分享腾讯游戏最新动态，发现无限可能，鹅妹在这等你哦～,https://m.weibo.cn/u/3604205173?uid=3604205173&luicode=10000011&lfid=1005053604205173,"https://tvax2.sinaimg.cn/crop.0.0.1080.1080.180/d6d3ce75ly8glms0j2bk4j20u00u0q3u.jpg?KID=imgbed,tva&Expires=1610567996&ssig=5uVxgYxJF4",https://wx2.sinaimg.cn/orj480/d6d3ce75ly8glms0j2bk4j20u00u0q3u.jpg,39,6,TRUE,2,腾讯科技（深圳）有限公司
6062063357,腾讯电竞,m,,广东,10915,1443798,1267,欢迎关注V宝👉🏻B站/视频号/快手:同名 | 抖音:电竞鹅V酱,https://m.weibo.cn/u/6062063357?uid=6062063357&luicode=10000011&lfid=1005056062063357,"https://tvax3.sinaimg.cn/crop.0.0.180.180.180/006CfNBrly8gdirre9o76j3050050a9w.jpg?KID=imgbed,tva&Expires=1610568049&ssig=BYxnoYqClv",https://wx3.sinaimg.cn/orj480/006CfNBrly8gdirre9o76j3050050a9w.jpg,34,6,TRUE,2,腾讯科技（深圳）有限公司
3861674840,腾讯电影,m,,北京,20276,1462234,593,一只爱电影的鹅🐧,https://m.weibo.cn/u/3861674840?uid=3861674840&luicode=10000011&lfid=1005053861674840,"https://tvax1.sinaimg.cn/crop.0.0.1080.1080.180/e62c7b58ly8gdip2wkkblj20u00u041h.jpg?KID=imgbed,tva&Expires=1610568324&ssig=A%2FlccSFeOh",https://wx1.sinaimg.cn/orj480/e62c7b58ly8gdip2wkkblj20u00u041h.jpg,44,6,TRUE,3,腾讯视频电影频道官方微博
6510949403,腾讯超级影视VIP,m,,广东,11031,3633844,835,超级影视VIP是腾讯视频推出的至尊会员服务，会员可在电视-云视听极光APP、电脑/手机/Pad多屏免费观看付费内容，尊享全屏体验。,https://m.weibo.cn/u/6510949403?uid=6510949403&luicode=10000011&lfid=1005056510949403,"https://tvax2.sinaimg.cn/crop.197.230.555.555.180/0076DhmXly8gdiporipfoj30rs0rswgx.jpg?KID=imgbed,tva&Expires=1610568738&ssig=dUJ2ekCoAs",https://wx2.sinaimg.cn/orj480/0076DhmXly8gdiporipfoj30rs0rswgx.jpg,28,6,TRUE,2,腾讯视频TV端（极光TV）会员
5885931990,腾讯NBA,f,,北京,21618,681508,278,腾讯科技（北京）有限公司,https://m.weibo.cn/u/5885931990?uid=5885931990&luicode=10000011&lfid=1005055885931990,"https://tvax3.sinaimg.cn/crop.1.9.403.403.180/006qkLMWly8gdi3jvash0j30bn0bnjru.jpg?KID=imgbed,tva&Expires=1610568993&ssig=f2bfNea0Ru",https://wx3.sinaimg.cn/orj480/006qkLMWly8gdi3jvash0j30bn0bnjru.jpg,41,4,TRUE,3,腾讯NBA官方微博
5685400200,腾讯影业,m,,广东,5211,1638442,457,,https://m.weibo.cn/u/5685400200?uid=5685400200&luicode=10000011&lfid=1005055685400200,"https://tvax4.sinaimg.cn/crop.0.0.690.690.180/006cLmjely8gdiril4s99j30j60j60td.jpg?KID=imgbed,tva&Expires=1610569055&ssig=7sInh30tHE",https://wx4.sinaimg.cn/orj480/006cLmjely8gdiril4s99j30j60j60td.jpg,36,6,TRUE,2,腾讯影业文化传播有限公司
6068787464,腾讯WeGame,m,,广东,888,396374,116,Tencent WeGame，发现更大的游戏世界！,https://m.weibo.cn/u/6068787464?uid=6068787464&luicode=10000011&lfid=1005056068787464,"https://tvax2.sinaimg.cn/crop.0.0.996.996.180/006CI0QMly8gdis0jlhz8j30ro0roq3c.jpg?KID=imgbed,tva&Expires=1610569119&ssig=QZ6MCmlY9o",https://wx2.sinaimg.cn/orj480/006CI0QMly8gdis0jlhz8j30ro0roq3c.jpg,31,6,TRUE,7,腾讯WeGame官方微博
7387497037,腾讯视频WeTV,f,,其他,1803,299666,121,WeTV是腾讯视频面向海外用户推出的产品。自2019年上线以来，WeTV先后在泰国、印尼、越南、印度和马来西亚等多个国家和地区正式落地，是首个在海外多地区落地的中国流媒体服务平台。该平台以优质腾讯自制华语内容为核心，并不断拓展其他亚洲国家和地区的优质内容。,https://m.weibo.cn/u/7387497037?uid=7387497037&luicode=10000011&lfid=1005057387497037,"https://tvax2.sinaimg.cn/crop.0.0.828.828.180/0083Xbs1ly8gdiojl8k3aj30n00n0t98.jpg?KID=imgbed,tva&Expires=1610569122&ssig=TVjh4CZU4o",https://wx2.sinaimg.cn/orj480/0083Xbs1ly8gdiojl8k3aj30n00n0t98.jpg,0,4,TRUE,3,腾讯视频海外站官方微博
2381461594,腾讯地图,m,,广东,8610,2064510,427,腾讯地图致力于为用户打造精准、高效的一站式出行服务体验，助你出行顺利，迷路不求人！,https://m.weibo.cn/u/2381461594?uid=2381461594&luicode=10000011&lfid=1005052381461594,"https://tvax3.sinaimg.cn/crop.175.177.591.591.180/002BamWSly8gisjrzon14j60q70q6q4202.jpg?KID=imgbed,tva&Expires=1610569163&ssig=EVfk1qAtOi",https://wx3.sinaimg.cn/orj480/002BamWSly8gisjrzon14j60q70q6q4202.jpg,44,5,TRUE,2,腾讯地图官方微博
5688848952,腾讯微信读书,f,,广东,1751,146897,286,微信读书，让阅读不再孤独。  官网：https://weread.qq.com/     合作助手微信：18675574260     QQ：3396729305    邮箱：weread@tencent.com,https://m.weibo.cn/u/5688848952?uid=5688848952&luicode=10000011&lfid=1005055688848952,"https://tvax4.sinaimg.cn/crop.0.0.1080.1080.180/006cZPugly8gdirfhchfaj30u00u0wf0.jpg?KID=imgbed,tva&Expires=1610569174&ssig=6Q1sjgQmDM",https://wx4.sinaimg.cn/orj480/006cZPugly8gdirfhchfaj30u00u0wf0.jpg,9,4,TRUE,2,深圳市腾讯计算机系统有限公司
2508053484,腾讯QQ,m,,广东,1942,366555,215,全新QQ手机版，气泡、表情、主题、游戏，等你来体验！,https://m.weibo.cn/u/2508053484?uid=2508053484&luicode=10000011&lfid=1005052508053484,"https://tvax3.sinaimg.cn/crop.0.0.1080.1080.180/957ddbecly8gdi7755zpwj20u00u0q3y.jpg?KID=imgbed,tva&Expires=1610569300&ssig=4yvQx%2BV%2Fpk",https://wx3.sinaimg.cn/orj480/957ddbecly8gdi7755zpwj20u00u0q3y.jpg,34,5,TRUE,2,腾讯QQ官方微博
5237654004,腾讯视频音乐,m,,北京,19141,767246,1572,腾讯视频音乐频道官方微博。,https://m.weibo.cn/u/5237654004?uid=5237654004&luicode=10000011&lfid=1005055237654004,"https://tvax1.sinaimg.cn/crop.90.141.840.840.180/005IsF4oly8gg1liw4qrvj30u00u0q3u.jpg?KID=imgbed,tva&Expires=1610569304&ssig=8k1lXt1Xtb",https://wx1.sinaimg.cn/orj480/005IsF4oly8gg1liw4qrvj30u00u0q3u.jpg,46,6,TRUE,2,腾讯科技（北京）有限公司
6172745943,腾讯美食,m,,北京,1226,226020,95,,https://m.weibo.cn/u/6172745943?uid=6172745943&luicode=10000011&lfid=1005056172745943,"https://tvax2.sinaimg.cn/crop.0.0.1080.1080.180/006JKdcrly8gdl1k5fjbvj30u00u0myz.jpg?KID=imgbed,tva&Expires=1610569346&ssig=J8FUZNGNFd",https://wx2.sinaimg.cn/orj480/006JKdcrly8gdl1k5fjbvj30u00u0myz.jpg,9,1,TRUE,3,腾讯视频美食频道官方微博
6160862917,腾讯游戏安全中心,f,,广东,4849,463435,288,超过千万的游戏玩家已经关注我们了，就差你啦！听说关注就有好运？来试一下吧,https://m.weibo.cn/u/6160862917?uid=6160862917&luicode=10000011&lfid=1005056160862917,"https://tvax3.sinaimg.cn/crop.15.29.194.194.180/006IWlSJly8gdi4mshrpgj306607475b.jpg?KID=imgbed,tva&Expires=1610569348&ssig=ZvROwdtzeA",https://wx3.sinaimg.cn/orj480/006IWlSJly8gdi4mshrpgj306607475b.jpg,35,6,TRUE,2,腾讯游戏安全官方微博
5281774279,腾讯A咖时尚,f,,北京 海淀区,3666,585281,672,腾讯视频《A咖时尚》是一档时尚综合资讯日播节目。包含品牌时尚活动、明星穿搭、生活方式和热剧时尚周边，呈现有料、有趣的时尚谈资，引领时尚导向。,https://m.weibo.cn/u/5281774279?uid=5281774279&luicode=10000011&lfid=1005055281774279,"https://tvax4.sinaimg.cn/crop.0.0.1080.1080.180/005LrMLJly8fyjg9merzkj30u00u0gmw.jpg?KID=imgbed,tva&Expires=1610569371&ssig=zKAKl9ylSU",https://wx4.sinaimg.cn/orj480/005LrMLJly8fyjg9merzkj30u00u0gmw.jpg,37,6,TRUE,2,腾讯科技（北京）有限公司
6011462323,腾讯时尚,f,,北京,17178,1314990,721,腾讯网时尚频道,https://m.weibo.cn/u/6011462323?uid=6011462323&luicode=10000011&lfid=1005056011462323,"https://tvax1.sinaimg.cn/crop.0.0.1080.1080.180/006yPtXJly8gkmsl1g837j30u00u0js4.jpg?KID=imgbed,tva&Expires=1610569391&ssig=7Ul7RrDWuj",https://wx1.sinaimg.cn/orj480/006yPtXJly8gkmsl1g837j30u00u0js4.jpg,35,6,TRUE,3,腾讯时尚官方微博
1773148625,腾讯电脑管家,m,,广东,15476,1585687,718,如果您在使用电脑管家过程中有任何问题或者是反馈，请直接@电脑管家客户服务 或登录管家官方论坛，专业的用户服务团队将在第一时间和您取得联系。,https://m.weibo.cn/u/1773148625?uid=1773148625&luicode=10000011&lfid=1005051773148625,"https://tvax2.sinaimg.cn/crop.0.0.439.439.180/69b019d1ly8gdiq7981dgj20c80c8jsb.jpg?KID=imgbed,tva&Expires=1610569750&ssig=64Ovmokbb8",https://wx2.sinaimg.cn/orj480/69b019d1ly8gdiq7981dgj20c80c8jsb.jpg,48,7,TRUE,2,腾讯电脑管家官方微博
2273198724,腾讯手机管家,m,,广东,14247,2412583,429,腾讯手机管家（原QQ手机管家）做最好的手机安全软件！ 官方论坛：http://bbs.m.qq.com/forum.php Android 群（1280993） iOS群（167211768）,https://m.weibo.cn/u/2273198724?uid=2273198724&luicode=10000011&lfid=1005052273198724,"https://tvax4.sinaimg.cn/crop.27.0.618.618.180/877e4284ly8gdk9gid2nfj20ij0ijab9.jpg?KID=imgbed,tva&Expires=1610569760&ssig=7q0VtYN%2FZm",https://wx4.sinaimg.cn/orj480/877e4284ly8gdk9gid2nfj20ij0ijab9.jpg,45,0,TRUE,2,腾讯手机管家官方微博
6502440388,腾讯CBA,m,,北京,23344,458820,482,,https://m.weibo.cn/u/6502440388?uid=6502440388&luicode=10000011&lfid=1005056502440388,"https://tvax3.sinaimg.cn/crop.0.0.841.841.180/00763zMMly8gdimrv11fkj30nd0nd0uj.jpg?KID=imgbed,tva&Expires=1610569767&ssig=SAW9cCUapj",https://wx3.sinaimg.cn/orj480/00763zMMly8gdimrv11fkj30nd0nd0uj.jpg,26,6,TRUE,3,腾讯体育中国篮球官方微博
3889146127,腾讯视频动漫,f,,北京,6086,121307,579,这里是腾讯视频动漫频道的官方微博，想了解国漫的各种知识，新番上线抢先知？就来关注吧,https://m.weibo.cn/u/3889146127?uid=3889146127&luicode=10000011&lfid=1005053889146127,"https://tvax1.sinaimg.cn/crop.0.0.445.445.180/e7cfa90fly8gdip87d3r2j20cd0cd74n.jpg?KID=imgbed,tva&Expires=1610570618&ssig=J8pINZ71hY",https://wx1.sinaimg.cn/orj480/e7cfa90fly8gdip87d3r2j20cd0cd74n.jpg,41,6,TRUE,2,腾讯视频动漫频道官方微博
5175655130,腾讯课堂,m,,广东 深圳,1289,91318,370,腾讯课堂官方微博,https://m.weibo.cn/u/5175655130?uid=5175655130&luicode=10000011&lfid=1005055175655130,"https://tvax4.sinaimg.cn/crop.0.0.512.512.180/005Egwkyly8gdj0dbgw0oj30e80e80sw.jpg?KID=imgbed,tva&Expires=1610570669&ssig=LAxYvJGY2f",https://wx4.sinaimg.cn/orj480/005Egwkyly8gdj0dbgw0oj30e80e80sw.jpg,27,0,TRUE,2,腾讯课堂官方微博
6500847626,腾讯网游加速器官方微博,f,,其他,415,171517,23,腾讯官方出品的网游加速器，高效解决国内玩家玩海外游戏的网络问题。借助腾讯国内外顶级IDC机房，独享专线保证游戏低延迟；腾讯独家智能节点选择方案，全天候保障链接稳定；全球五大洲机上千节点部署，加速效果更好、兼容更广,https://m.weibo.cn/u/6500847626?uid=6500847626&luicode=10000011&lfid=1005056500847626,"https://tvax2.sinaimg.cn/crop.0.0.300.300.180/0075WTr4ly8gdi6dc9ogdj308c08ct93.jpg?KID=imgbed,tva&Expires=1610570673&ssig=D%2BgNfEAwP%2F",https://wx2.sinaimg.cn/orj480/0075WTr4ly8gdi6dc9ogdj308c08ct93.jpg,4,6,TRUE,2,腾讯网游加速器官方微博
5976039883,腾讯看点,m,,广东,1425,294462,272,腾讯看点官方微博,https://m.weibo.cn/u/5976039883?uid=5976039883&luicode=10000011&lfid=1005055976039883,"https://tvax3.sinaimg.cn/crop.0.0.512.512.180/006wqQY3ly8gdirxipiqbj30e80e8aa9.jpg?KID=imgbed,tva&Expires=1610570678&ssig=O5XtwIUFQT",https://wx3.sinaimg.cn/orj480/006wqQY3ly8gdirxipiqbj30e80e8aa9.jpg,9,3,TRUE,2,腾讯公司全新推出的信息流内容服务
2375545650,腾讯CDC体验设计,f,,广东 深圳,707,39305,1451,业界知名的一流体验设计团队，腾讯核心部门之一。全称腾讯用户研究与体验设计部，简称CDC。【欢迎转载我们的文章，但请务必注明出处】,https://m.weibo.cn/u/2375545650?uid=2375545650&luicode=10000011&lfid=1005052375545650,"https://tva2.sinaimg.cn/crop.0.0.180.180.180/8d97f332jw1e8qgp5bmzyj2050050aa8.jpg?KID=imgbed,tva&Expires=1610570683&ssig=8XLYPYcWj4",https://ww2.sinaimg.cn/orj480/8d97f332jw1e8qgp5bmzyj2050050aa8.jpg,13,0,TRUE,7,腾讯用户研究与体验设计部（CDC）官方微博
2434411070,腾讯应用宝,f,,广东,8081,1383460,573,腾讯应用宝官方微博,https://m.weibo.cn/u/2434411070?uid=2434411070&luicode=10000011&lfid=1005052434411070,"https://tvax1.sinaimg.cn/crop.0.0.828.828.180/911a2a3ely8gl2lmsuy9mj20n00n0jrv.jpg?KID=imgbed,tva&Expires=1610570685&ssig=zBdWkK1VFa",https://wx1.sinaimg.cn/orj480/911a2a3ely8gl2lmsuy9mj20n00n0jrv.jpg,44,6,TRUE,2,腾讯应用中心(http://myapp.com)官方微博
6511158314,腾讯视频草场地,f,,北京,2305,71916,515,腾讯视频商城官方微博,https://m.weibo.cn/u/6511158314?uid=6511158314&luicode=10000011&lfid=1005056511158314,"https://tvax3.sinaimg.cn/crop.0.0.1080.1080.180/0076E9Iuly1gdiqdifpx6j30u00u0jws.jpg?KID=imgbed,tva&Expires=1610570691&ssig=nRsu2cjtSI",https://wx3.sinaimg.cn/orj480/0076E9Iuly1gdiqdifpx6j30u00u0jws.jpg,4,6,TRUE,2,腾讯视频商城官方微博
6401074009,腾讯医典,m,,广东 深圳,5979,961304,340,一只健康科普鹅。,https://m.weibo.cn/u/6401074009?uid=6401074009&luicode=10000011&lfid=1005056401074009,"https://tvax2.sinaimg.cn/crop.0.0.750.750.180/006ZcfLbly8ggtvm8zyoej30ku0kuaay.jpg?KID=imgbed,tva&Expires=1610570698&ssig=3wZTAEjKXL",https://wx2.sinaimg.cn/orj480/006ZcfLbly8ggtvm8zyoej30ku0kuaay.jpg,21,6,TRUE,7,腾讯医典官方微博
7153909610,腾讯客服,f,,广东,562,518921,81,用户为本，科技向善,https://m.weibo.cn/u/7153909610?uid=7153909610&luicode=10000011&lfid=1005057153909610,"https://tvax4.sinaimg.cn/crop.0.0.160.160.180/007O94GSly8gdjxq2m9p0j304g04gjrc.jpg?KID=imgbed,tva&Expires=1610570885&ssig=w6P66AOwvo",https://wx4.sinaimg.cn/orj480/007O94GSly8gdjxq2m9p0j304g04gjrc.jpg,4,4,TRUE,2,腾讯客服（kf.qq.com）官方微博
5033584457,腾讯理财通,m,,北京,1762,384359,43,理财通®｜腾讯官方理财平台,https://m.weibo.cn/u/5033584457?uid=5033584457&luicode=10000011&lfid=1005055033584457,"https://tvax1.sinaimg.cn/crop.47.52.424.424.180/005uEpg5ly8gdiqlul9jxj30f80f7wf7.jpg?KID=imgbed,tva&Expires=1610570898&ssig=B74Xif%2BYyb",https://wx1.sinaimg.cn/orj480/005uEpg5ly8gdiqlul9jxj30f80f7wf7.jpg,9,1,TRUE,2,腾讯科技（深圳）有限公司
5889002896,腾讯NOW直播,m,,广东,1986,149170,111,NOW-最in的全民直播App,https://m.weibo.cn/u/5889002896?uid=5889002896&luicode=10000011&lfid=1005055889002896,"https://tvax1.sinaimg.cn/crop.126.144.822.822.180/006qxEFGly8gff5l3wfj6j30u00u0jry.jpg?KID=imgbed,tva&Expires=1610570903&ssig=8vH3uujlDR",https://wx1.sinaimg.cn/orj480/006qxEFGly8gff5l3wfj6j30u00u0jry.jpg,14,6,TRUE,2,腾讯直播App
6534736496,腾讯爱玩游戏,f,,北京,2847,190685,339,HI，我是全新的腾讯爱玩游戏。我们有最全的游戏视频，我们有最高清的电竞赛事直播、我们还有最好玩的游戏社区~ 跟着鹅妹，你能看到国内外最最好玩的游戏视频和资讯~ 欢迎加群：763747307 合作请加Q：30696397,https://m.weibo.cn/u/6534736496?uid=6534736496&luicode=10000011&lfid=1005056534736496,"https://tvax1.sinaimg.cn/crop.0.0.200.200.180/0078f5tKly1gdispy4o7uj305k05kweh.jpg?KID=imgbed,tva&Expires=1610570908&ssig=5tmjadjCcx",https://wx1.sinaimg.cn/orj480/0078f5tKly1gdispy4o7uj305k05kweh.jpg,27,6,TRUE,2,腾讯视频爱玩游戏官方微博
6315195154,腾讯音乐人,f,,广东 广州,2553,30180,219,腾讯音乐人(y.tencentmusic.com)官方微博，更多内容及问题请关注微信订阅号：腾讯音乐人。 你的不凡，让世界听见！,https://m.weibo.cn/u/6315195154?uid=6315195154&luicode=10000011&lfid=1005056315195154,"https://tvax2.sinaimg.cn/crop.0.0.499.499.180/006TnUKmly8gdkyhqsollj30dv0dv74x.jpg?KID=imgbed,tva&Expires=1610570914&ssig=qsfg2anJZr",https://wx2.sinaimg.cn/orj480/006TnUKmly8gdkyhqsollj30dv0dv74x.jpg,30,5,TRUE,2,腾讯音乐人官方微博
6596693426,腾讯110,m,,其他,663,218151,335,共筑清朗互联网环境,https://m.weibo.cn/u/6596693426?uid=6596693426&luicode=10000011&lfid=1005056596693426,"https://tvax3.sinaimg.cn/crop.0.0.512.512.180/007cr3j4ly8gdiw3hs4a7j30e80e80sx.jpg?KID=imgbed,tva&Expires=1610570966&ssig=VIxo6%2BCpTW",https://wx3.sinaimg.cn/orj480/007cr3j4ly8gdiw3hs4a7j30e80e80sx.jpg,9,5,TRUE,2,腾讯110平台（110.qq.com）官方微博
6595957297,腾讯文档,m,,广东,331,31595,145,免费使用、在线编辑、多人协作、安全可控，QQ、微信帐号互联，手机、电脑多端互通。https://docs.qq.com,https://m.weibo.cn/u/6595957297?uid=6595957297&luicode=10000011&lfid=1005056595957297,"https://tvax2.sinaimg.cn/crop.0.0.1000.1000.180/007cnXO1ly8gdkzmdagzrj30rs0rsgmg.jpg?KID=imgbed,tva&Expires=1610570968&ssig=XSO5b9K94I",https://wx2.sinaimg.cn/orj480/007cnXO1ly8gdkzmdagzrj30rs0rsgmg.jpg,9,4,TRUE,2,可多人协作的在线文档
3159220202,腾讯汽车,m,,北京,4081,231833,150,腾讯新闻旗下腾讯汽车官方账号,https://m.weibo.cn/u/3159220202?uid=3159220202&luicode=10000011&lfid=1005053159220202,"https://tvax4.sinaimg.cn/crop.0.0.828.828.180/bc4ddfealy8gds7ur7j88j20n00n00tb.jpg?KID=imgbed,tva&Expires=1610570970&ssig=HYqnMBWz1p",https://wx4.sinaimg.cn/orj480/bc4ddfealy8gds7ur7j88j20n00n00tb.jpg,27,1,TRUE,2,腾讯科技（北京）有限公司
2812307657,腾讯自选股,m,,北京,5820,64808,135,2012年10月22日，自选股荣获“91全球移动应用世界2012金掌奖”、“中国手机其他应用软件最具潜力奖”。2012年10月26日，自选股荣获“适合Win8系统的优秀应用”。2012年12月15日，自选股荣获“2012年中国首届移动互联网拳头奖之最佳工具应用奖”。,https://m.weibo.cn/u/2812307657?uid=2812307657&luicode=10000011&lfid=1005052812307657,"https://tvax1.sinaimg.cn/crop.0.0.144.144.180/a7a068c9ly8ggjmcv0lnnj2040040gli.jpg?KID=imgbed,tva&Expires=1610571017&ssig=XfC7g7SBCR",https://wx1.sinaimg.cn/orj480/a7a068c9ly8ggjmcv0lnnj2040040gli.jpg,31,0,TRUE,2,腾讯自选股您的随身财经帮手。股票走势、财经热点一手掌握。
3858896842,腾讯视频纪录片,m,,北京,6658,38043,189,腾讯视频纪录片频道(v.qq.com/channel/doco)官方微博,https://m.weibo.cn/u/3858896842?uid=3858896842&luicode=10000011&lfid=1005053858896842,"https://tvax3.sinaimg.cn/crop.0.0.1080.1080.180/e60217caly8ggf7qb0n87j20u00u0wgl.jpg?KID=imgbed,tva&Expires=1610571020&ssig=rJWJUHCfHD",https://wx3.sinaimg.cn/orj480/e60217caly8ggf7qb0n87j20u00u0wgl.jpg,33,6,TRUE,3,腾讯视频纪录片频道官方微博
3181592901,腾讯公益慈善基金会,m,,广东,645,112387,171,致力公益慈善事业，关爱青少年成长，倡导企业公民责任，推动社会和谐进步。,https://m.weibo.cn/u/3181592901?uid=3181592901&luicode=10000011&lfid=1005053181592901,"https://tva1.sinaimg.cn/crop.0.0.180.180.180/bda34145jw1e8qgp5bmzyj2050050aa8.jpg?KID=imgbed,tva&Expires=1610571133&ssig=GBKGBB6U5y",https://ww1.sinaimg.cn/orj480/bda34145jw1e8qgp5bmzyj2050050aa8.jpg,22,5,TRUE,7,腾讯公益慈善基金会官方微博
5582522936,腾讯安全玄武实验室,m,,北京,1399,19556,4,http://xlab.tencent.com,https://m.weibo.cn/u/5582522936?uid=5582522936&luicode=10000011&lfid=1005055582522936,"https://tvax1.sinaimg.cn/crop.0.0.1080.1080.180/0065NHewly8ggsoqw4d8ej30u00u075r.jpg?KID=imgbed,tva&Expires=1610571138&ssig=L3HMgGBdMt",https://wx1.sinaimg.cn/orj480/0065NHewly8ggsoqw4d8ej30u00u075r.jpg,4,0,TRUE,2,腾讯科技（深圳）有限公司
6366315986,腾讯足球,m,,北京,6963,34913,510,,https://m.weibo.cn/u/6366315986?uid=6366315986&luicode=10000011&lfid=1005056366315986,"https://tvax3.sinaimg.cn/crop.21.24.593.593.180/006WQpBUly8gdiw997wdsj30hs0hsmzg.jpg?KID=imgbed,tva&Expires=1610571140&ssig=MC4NN2yPTB",https://wx3.sinaimg.cn/orj480/006WQpBUly8gdiw997wdsj30hs0hsmzg.jpg,31,6,TRUE,3,腾讯足球官方微博
3919355826,腾讯美剧,f,,天津,3173,144174,118,英美剧分享平台,https://m.weibo.cn/u/3919355826?uid=3919355826&luicode=10000011&lfid=1005053919355826,"https://tvax3.sinaimg.cn/crop.0.0.1002.1002.180/e99c9fb2ly8g2rjsi4zt2j20ru0rujtd.jpg?KID=imgbed,tva&Expires=1610571254&ssig=ASHxFyVs1e",https://wx3.sinaimg.cn/orj480/e99c9fb2ly8g2rjsi4zt2j20ru0rujtd.jpg,35,4,TRUE,5,腾讯美剧频道(v.qq.com/topic/2012/us.html)官方微博
5893886126,腾讯守护者计划,m,,广东 广州,645,106660,38,“守护者计划”是腾讯公司践行企业社会责任平台，2017年由反诈骗升级为全面对抗网络黑产。,https://m.weibo.cn/u/5893886126?uid=5893886126&luicode=10000011&lfid=1005055893886126,"https://tvax1.sinaimg.cn/crop.8.12.627.627.180/006qS91sly8gdi7apzju9j30hs0hs74v.jpg?KID=imgbed,tva&Expires=1610571256&ssig=x%2BIHAQqRDN",https://wx1.sinaimg.cn/orj480/006qS91sly8gdi7apzju9j30hs0hs74v.jpg,4,4,TRUE,2,腾讯科技（深圳）有限公司
2505480962,腾讯ISUX,m,,广东 深圳,743,65257,232,腾讯社交用户体验设计团队—— “It iS Ultra eXperience 这就是极致体验”,https://m.weibo.cn/u/2505480962?uid=2505480962&luicode=10000011&lfid=1005052505480962,"https://tvax4.sinaimg.cn/crop.0.0.1000.1000.180/95569b02ly1fxes98pw6kj20rs0rsn0v.jpg?KID=imgbed,tva&Expires=1610571260&ssig=yScNEb2Ood",https://wx4.sinaimg.cn/orj480/95569b02ly1fxes98pw6kj20rs0rsn0v.jpg,26,4,TRUE,2,腾讯社交用户体验设计团队
6583428541,腾讯证券,m,,北京,25535,118509,277,,https://m.weibo.cn/u/6583428541?uid=6583428541&luicode=10000011&lfid=1005056583428541,"https://tvax3.sinaimg.cn/crop.0.0.372.372.180/007bxovjly8gdkw98qpifj30ac0ac3za.jpg?KID=imgbed,tva&Expires=1610571262&ssig=uhw3H8tBzq",https://wx3.sinaimg.cn/orj480/007bxovjly8gdkw98qpifj30ac0ac3za.jpg,14,0,TRUE,3,腾讯证券官方微博
6355984955,腾讯音乐娱乐,m,,广东,893,105489,160,,https://m.weibo.cn/u/6355984955?uid=6355984955&luicode=10000011&lfid=1005056355984955,"https://tvax3.sinaimg.cn/crop.19.16.262.262.180/006W942nly8gjpsn4i8g2j308c08cglq.jpg?KID=imgbed,tva&Expires=1610571265&ssig=%2FwqLr2p9px",https://wx3.sinaimg.cn/orj480/006W942nly8gjpsn4i8g2j308c08cglq.jpg,9,6,TRUE,2,腾讯音乐娱乐（深圳）有限公司官方微博
6457832661,腾讯体育电竞,f,,北京,3548,33262,334,腾讯体育——电竞项目组官方微博，为您带来最好玩，最精彩的电竞资讯！,https://m.weibo.cn/u/6457832661?uid=6457832661&luicode=10000011&lfid=1005056457832661,"https://tvax1.sinaimg.cn/crop.0.0.1000.1000.180/00732phjly1gfdvnj1drtj30rs0rstck.jpg?KID=imgbed,tva&Expires=1610571309&ssig=0OehzAn4Sn",https://wx1.sinaimg.cn/orj480/00732phjly1gfdvnj1drtj30rs0rstck.jpg,25,3,TRUE,2,腾讯体育电竞
2662080313,腾讯游戏TGideas,m,,广东 深圳,1119,11484,168,欢迎扫一扫二维码，或添加微信公众号：tgideas-hr 关注TGideas官方微信！,https://m.weibo.cn/u/2662080313?uid=2662080313&luicode=10000011&lfid=1005052662080313,"https://tva1.sinaimg.cn/crop.0.0.500.500.180/9eac1f39jw8f9ez9terq1j20dw0dw3yp.jpg?KID=imgbed,tva&Expires=1610571510&ssig=OURgKOy3x6",https://ww1.sinaimg.cn/orj480/9eac1f39jw8f9ez9terq1j20dw0dw3yp.jpg,20,0,TRUE,2,腾讯游戏TGideas设计团队官方微博
6553478705,腾讯招聘,f,,广东,257,14748,53,,https://m.weibo.cn/u/6553478705?uid=6553478705&luicode=10000011&lfid=1005056553478705,"https://tvax4.sinaimg.cn/crop.0.0.1080.1080.180/0079vJbrly8gf4okme670j30u00u00u6.jpg?KID=imgbed,tva&Expires=1610571513&ssig=db2efDVO5w",https://wx4.sinaimg.cn/orj480/0079vJbrly8gf4okme670j30u00u00u6.jpg,4,0,TRUE,2,腾讯公司校园招聘官方微博
6524337592,腾讯极光,m,,其他,5153,1192879,420,,https://m.weibo.cn/u/6524337592?uid=6524337592&luicode=10000011&lfid=1005056524337592,"https://tvax2.sinaimg.cn/crop.0.0.1080.1080.180/0077xsfuly1gdiovvao1pj30u00u03zy.jpg?KID=imgbed,tva&Expires=1610571516&ssig=ycY3ZhDsWU",https://wx2.sinaimg.cn/orj480/0077xsfuly1gdiovvao1pj30u00u03zy.jpg,9,5,TRUE,2,腾讯极光盒子/快投/投影官方微博
2617840625,腾讯房产官博,m,,北京 海淀区,1018,70242,295,第一时间提供楼市快讯，掌握房地产动向；纵览全国最新楼盘，足不出户查看最新楼盘资料，依托QQ购房群亿万用户，尽享安家置业无限优惠，打造购房置业第一平台。,https://m.weibo.cn/u/2617840625?uid=2617840625&luicode=10000011&lfid=1005052617840625,"https://tva1.sinaimg.cn/crop.0.0.180.180.180/9c0913f1jw1e8qgp5bmzyj2050050aa8.jpg?KID=imgbed,tva&Expires=1610571595&ssig=8TNbc19FcO",https://ww1.sinaimg.cn/orj480/9c0913f1jw1e8qgp5bmzyj2050050aa8.jpg,11,0,TRUE,5,腾讯房产house.qq.com官方微博
5102795808,腾讯益行家,m,,北京 海淀区,148,44938,58,益行家官方网站 yxj.qq.com,https://m.weibo.cn/u/5102795808?uid=5102795808&luicode=10000011&lfid=1005055102795808,"https://tva3.sinaimg.cn/crop.0.0.473.473.180/005zkOicjw8es9iu6ftt5j30dc0d5gmc.jpg?KID=imgbed,tva&Expires=1610571597&ssig=fyF0Wdopqj",https://ww3.sinaimg.cn/orj480/005zkOicjw8es9iu6ftt5j30dc0d5gmc.jpg,10,0,TRUE,7,腾讯公益慈善基金会益行家项目官方微博
1363173330,腾讯安全应急响应中心,m,,广东 深圳,1516,13428,210,腾讯安全应急响应中心（Tencent Security Response Center，以下简写作TSRC)是隶属于腾讯安全中心的专门负责处理腾讯公司产品和业务安全问题的组织机构。 如果您发现腾讯公司产品和业务的安全漏洞或者安全问题，请第一时间报告漏洞给我们，我们会有专人跟进。在漏洞未修复前，请不要公开和传播。每隔一段时间，TSRC会按照“漏洞奖励计划”回馈热心用户。报告漏洞请移步：http://security.tencent.com,https://m.weibo.cn/u/1363173330?uid=1363173330&luicode=10000011&lfid=1005051363173330,"https://tvax3.sinaimg.cn/crop.0.0.200.200.180/51405fd2ly8gdkdjw3y38j205k05k3yb.jpg?KID=imgbed,tva&Expires=1610571599&ssig=V3Xs9xgaaV",https://wx3.sinaimg.cn/orj480/51405fd2ly8gdkdjw3y38j205k05k3yb.jpg,25,0,TRUE,2,腾讯安全应急响应中心官方微博
6383242864,腾讯家居,m,,北京,1022,268555,80,家居装修装饰时尚门户,https://m.weibo.cn/u/6383242864?uid=6383242864&luicode=10000011&lfid=1005056383242864,"https://tvax3.sinaimg.cn/crop.16.41.358.358.180/006XZr44ly8g3bcoqyww8j30b40b4my9.jpg?KID=imgbed,tva&Expires=1610571601&ssig=xhSFhBGB8T",https://wx3.sinaimg.cn/orj480/006XZr44ly8g3bcoqyww8j30b40b4my9.jpg,4,2,TRUE,3,腾讯家居（www.jia360.com）官方微博
5174457807,腾讯云,m,,广东,659,28177,97,腾讯云官方微博,https://m.weibo.cn/u/5174457807?uid=5174457807&luicode=10000011&lfid=1005055174457807,"https://tvax3.sinaimg.cn/crop.0.0.512.512.180/005EbuQTly8gdkadd7mvij30e80e8jrk.jpg?KID=imgbed,tva&Expires=1610571602&ssig=qwCZak7axg",https://wx3.sinaimg.cn/orj480/005EbuQTly8gdkadd7mvij30e80e8jrk.jpg,4,4,TRUE,2,腾讯云官方微博
6530888446,腾讯王卡,f,,其他,177,13314,75,,https://m.weibo.cn/u/6530888446?uid=6530888446&luicode=10000011&lfid=1005056530888446,"https://tvax3.sinaimg.cn/crop.0.0.1080.1080.180/0077YWqqly8gdiprkvjnmj30u00u0t9t.jpg?KID=imgbed,tva&Expires=1610571605&ssig=MEGZ3tR%2Bq8",https://wx3.sinaimg.cn/orj480/0077YWqqly8gdiprkvjnmj30u00u0t9t.jpg,9,6,TRUE,2,中国联通腾讯王卡官方微博
5977015783,腾讯企鹅辅导,m,,广东,4004,46288,259,企鹅辅导，腾讯旗下一款针对中小学生的在线教育产品！,https://m.weibo.cn/u/5977015783?uid=5977015783&luicode=10000011&lfid=1005055977015783,"https://tvax2.sinaimg.cn/crop.0.0.800.800.180/006wuWQnly8gh4g7v4prvj30m80m80yp.jpg?KID=imgbed,tva&Expires=1610571608&ssig=Koj%2FhK2fvo",https://wx2.sinaimg.cn/orj480/006wuWQnly8gh4g7v4prvj30m80m80yp.jpg,32,5,TRUE,2,腾讯企鹅辅导官方微博
5619439268,腾讯QQ钱包,m,,广东,404,127271,58,交易相关问题，请拨打客服电话0755-86013860,https://m.weibo.cn/u/5619439268?uid=5619439268&luicode=10000011&lfid=1005055619439268,"https://tva1.sinaimg.cn/crop.219.144.555.555.180/0068iARejw8esk724mra6j30rs0rstap.jpg?KID=imgbed,tva&Expires=1610571616&ssig=Vpr5boeeFQ",https://ww1.sinaimg.cn/orj480/0068iARejw8esk724mra6j30rs0rstap.jpg,9,0,TRUE,2,深圳市腾讯计算机系统有限公司
6383393911,腾讯手游助手,m,,广东,880,38157,126,腾讯手游助手是一款可以在电脑上玩手机游戏的软件，通过电脑模拟安卓手机系统，满足用户在电脑上玩手机游戏的需求。腾讯手游助手采用独家傲引擎技术，游戏启动性能提升400%，告别玩游戏卡顿困扰！,https://m.weibo.cn/u/6383393911?uid=6383393911&luicode=10000011&lfid=1005056383393911,"https://tvax3.sinaimg.cn/crop.0.0.100.100.180/006Y04mjly8gdi6i6ey8mj302s02st8q.jpg?KID=imgbed,tva&Expires=1610571618&ssig=Z%2FIw45z1Td",https://wx3.sinaimg.cn/orj480/006Y04mjly8gdi6i6ey8mj302s02st8q.jpg,4,6,TRUE,7,腾讯手游助手官方微博
6391851655,腾讯母婴,f,,北京,483,97422,112,腾讯视频母婴&amp;火锅视频母婴 官方微博,https://m.weibo.cn/u/6391851655?uid=6391851655&luicode=10000011&lfid=1005056391851655,"https://tvax1.sinaimg.cn/crop.0.0.667.667.180/006YzyBxly8g0763duvhkj30ij0ij753.jpg?KID=imgbed,tva&Expires=1610571662&ssig=lZBvQrfV5c",https://wx1.sinaimg.cn/orj480/006YzyBxly8g0763duvhkj30ij0ij753.jpg,14,0,TRUE,2,腾讯视频育儿频道 官方微博
2426883100,腾讯MacQQ产品团队,m,,广东 深圳,545,7868,74,"&lt;QQ for Mac 热点问题回复(1)&gt;正式发布
你们的声音，我们一直在聆听
http://t.cn/zWdGdPK",https://m.weibo.cn/u/2426883100?uid=2426883100&luicode=10000011&lfid=1005052426883100,"https://tva3.sinaimg.cn/crop.49.38.372.372.180/90a74c1cjw1f540b5wa89j20d70ct0t0.jpg?KID=imgbed,tva&Expires=1610571664&ssig=PyJwOCPkhf",https://ww3.sinaimg.cn/orj480/90a74c1cjw1f540b5wa89j20d70ct0t0.jpg,16,0,TRUE,2,腾讯公司Mac OS X平台下的QQ产品团队
5178832047,全民K歌,m,,广东 深圳,6294,4549224,366,全民k歌是一款由腾讯出品的k歌软件，具有智能打分、专业混音、好友擂台、趣味互动及社交分享功能。,https://m.weibo.cn/u/5178832047?uid=5178832047&luicode=10000011&lfid=1005055178832047,"https://tvax2.sinaimg.cn/crop.0.0.1024.1024.180/005EtQN9ly8gdwwcgysujg30sg0sgn02.gif?KID=imgbed,tva&Expires=1610571666&ssig=1opjBcjKnp",https://wx2.sinaimg.cn/orj480/005EtQN9ly8gdwwcgysujg30sg0sgn02.gif,43,6,TRUE,2,全民K歌，腾讯出品，K歌软件中的PS，你其实很会唱歌！
2255423004,腾讯开放,m,,广东 深圳,819,242160,799,1、“中国互联网创新创业大赛”正式开赛，报名地址：http://2013contest.open.qq.com 2、开发者在线咨询（应用接入，技术咨询，商务咨询等开发者服务 ）请联系企业QQ：800013811,https://m.weibo.cn/u/2255423004?uid=2255423004&luicode=10000011&lfid=1005052255423004,"https://tva3.sinaimg.cn/crop.0.0.180.180.180/866f061cjw1e8qgp5bmzyj2050050aa8.jpg?KID=imgbed,tva&Expires=1610571710&ssig=Oi9OKER2GQ",https://ww3.sinaimg.cn/orj480/866f061cjw1e8qgp5bmzyj2050050aa8.jpg,20,1,TRUE,2,腾讯开放平台官方微博
5949813041,腾讯视频直播汪,f,,北京,1906,9249,103,腾讯体育直播组官方互动调戏账号！,https://m.weibo.cn/u/5949813041?uid=5949813041&luicode=10000011&lfid=1005055949813041,"https://tvax3.sinaimg.cn/crop.90.84.894.894.180/006uEOatly8fow8m4lgbqj30u00u017f.jpg?KID=imgbed,tva&Expires=1610571712&ssig=QdNJd53Y3r",https://wx3.sinaimg.cn/orj480/006uEOatly8fow8m4lgbqj30u00u017f.jpg,14,0,TRUE,2,腾讯科技（北京）有限公司
2671991533,腾讯QQ安全中心,f,,广东 深圳,770,21860,110,官方网站：http://aq.qq.com/ 小安是大家的贴心安全小助手，有什么安全问题大家都可以跟我说说哦~,https://m.weibo.cn/u/2671991533?uid=2671991533&luicode=10000011&lfid=1005052671991533,"https://tvax2.sinaimg.cn/crop.0.0.1080.1080.180/9f435aedly8gdionlm76zj20u00u0dgo.jpg?KID=imgbed,tva&Expires=1610571716&ssig=VpGFdXMLbD",https://wx2.sinaimg.cn/orj480/9f435aedly8gdionlm76zj20u00u0dgo.jpg,17,1,TRUE,2,腾讯QQ安全中心官方微博
6279793619,腾讯财经,m,,北京,8164,15679,426,腾讯新闻旗下腾讯财经官方账号，在这里读懂财经！,https://m.weibo.cn/u/6279793619?uid=6279793619&luicode=10000011&lfid=1005056279793619,"https://tvax4.sinaimg.cn/crop.0.0.372.372.180/006QZnbRly1gdiz0s0g3xj30ac0acmx4.jpg?KID=imgbed,tva&Expires=1610571717&ssig=c2PHHc%2FXN%2B",https://wx4.sinaimg.cn/orj480/006QZnbRly1gdiz0s0g3xj30ac0acmx4.jpg,9,0,TRUE,3,腾讯科技（北京）有限公司
6461143362,腾讯医疗健康,m,,,401,17139,42,,https://m.weibo.cn/u/6461143362?uid=6461143362&luicode=10000011&lfid=1005056461143362,"https://tvax4.sinaimg.cn/crop.24.0.188.188.180/0073gixIly8fv6r2b5sexj3063058q2w.jpg?KID=imgbed,tva&Expires=1610571719&ssig=lmNHl7a%2F3U",https://wx4.sinaimg.cn/orj480/0073gixIly8fv6r2b5sexj3063058q2w.jpg,4,0,TRUE,2,腾讯医疗健康官方微博
6933870699,腾讯艺术,f,,北京 海淀区,1267,17453,356,腾讯艺术致力于构建互联网+艺术生态，以平台力赋能艺术产业，探索线下艺术内容线上化的多种模式；引入包含古典音乐、歌剧、舞蹈、戏曲、绘画、装置艺术、行为艺术等多重门类的艺术内容。,https://m.weibo.cn/u/6933870699?uid=6933870699&luicode=10000011&lfid=1005056933870699,"https://tvax2.sinaimg.cn/crop.0.0.1080.1080.180/007zfOwbly8gdi88ff09aj30u00u0q3s.jpg?KID=imgbed,tva&Expires=1610571722&ssig=zr6dwzioyi",https://wx2.sinaimg.cn/orj480/007zfOwbly8gdi88ff09aj30u00u0q3s.jpg,12,4,TRUE,2,腾讯视频艺术频道官方微博
7481816699,腾讯游戏手机,f,,其他,153,33272,94,腾讯游戏硬件官方团队，为极致游戏硬件发烧！懂玩家，立志打造体验最好的游戏手机！,https://m.weibo.cn/u/7481816699?uid=7481816699&luicode=10000011&lfid=1005057481816699,"https://tvax3.sinaimg.cn/crop.1.0.698.698.180/008akWiTly8ggu00sqrmxj30jg0jg0sz.jpg?KID=imgbed,tva&Expires=1610571747&ssig=alGG6SSkiv",https://wx3.sinaimg.cn/orj480/008akWiTly8ggu00sqrmxj30jg0jg0sz.jpg,0,1,TRUE,2,腾讯游戏硬件官方团队